{
  "log_path": "/home/barrylim/.local/share/Steam/steamapps/compatdata/2141910/pfx/drive_c/users/steamuser/AppData/LocalLow/Wizards Of The Coast/MTGA/Player.log",
  "player_name": "YourPlayerName",
  "default_deck": "mono_red",
  "deck_strategy": "mono_red",
  "default_strategy": "play_games",
  "default_color": "red",
  "image_dir": "images/",
  "use_image_search": false,
  "dry_run": false,
  "poll_interval": 1.0,
  "image_confidence": 0.9,
  "decks_path": "decks.example.json",
  "log_level": "DEBUG",
  "hand_y_ratio": 0.8641203703703703,
  "hand_x_ratios": [
    0.313953488372093,
    0.5107558139534883,
    0.6729651162790697
  ],
  "land_y_ratio": 0.8641203703703703,
  "land_x_ratios": [
    0.313953488372093,
    0.5107558139534883,
    0.6729651162790697
  ],
  "cast_target_y_ratio": 0.75,
  "land_target_y_ratio": 0.78,
  "prefer_double_click": true,
  "click_region": {
    "x": 764,
    "y": 197,
    "width": 1901,
    "height": 1056
  },
  "click_targets": {
    "queue_button": [
      0.7220930232558139,
      0.8298611111111112
    ],
    "keep_hand": [
      0.5529069767441861,
      0.7451388888888889
    ],
    "mulligan": [
      0.44651162790697674,
      0.7458333333333333
    ],
    "concede": [
      0.5002906976744186,
      0.5763888888888888
    ],
    "next_button": [
      0.7351744186046512,
      0.7993055555555556
    ],
    "submit_button": [
      0.7380813953488372,
      0.7958333333333333
    ]
  }
}
